{
  "generatedAt": "2026-07-04T14:25:31.009Z",
  "teamsIncluded": 54,
  "recByGroup": {
    "WR": {
      "mean": 0.875679,
      "sd": 0.13392,
      "n": 434
    },
    "TE": {
      "mean": 0.866571,
      "sd": 0.11819,
      "n": 242
    },
    "RB": {
      "mean": 0.880508,
      "sd": 0.08568,
      "n": 262
    },
    "OL": {
      "mean": 0.870002,
      "sd": 0.105143,
      "n": 549
    },
    "QB": {
      "mean": 0.876622,
      "sd": 0.120718,
      "n": 187
    },
    "S": {
      "mean": 0.877027,
      "sd": 0.095573,
      "n": 197
    },
    "LB": {
      "mean": 0.872145,
      "sd": 0.109449,
      "n": 437
    },
    "DB": {
      "mean": 0.87198,
      "sd": 0.118588,
      "n": 365
    },
    "DL": {
      "mean": 0.873135,
      "sd": 0.102258,
      "n": 427
    },
    "CB": {
      "mean": 0.872993,
      "sd": 0.126279,
      "n": 163
    },
    "DE": {
      "mean": 0.901176,
      "sd": 0.043567,
      "n": 99
    },
    "PK": {
      "mean": 0.825738,
      "sd": 0.021948,
      "n": 47
    },
    "PT": {
      "mean": 0.815904,
      "sd": 0.033868,
      "n": 25
    },
    "ATH": {
      "mean": 0.884213,
      "sd": 0.043397,
      "n": 126
    },
    "OT": {
      "mean": 0.887784,
      "sd": 0.050524,
      "n": 62
    },
    "OG": {
      "mean": 0.85306,
      "sd": 0.060738,
      "n": 5
    },
    "LS": {
      "mean": 0.8063,
      "sd": 0.028328,
      "n": 6
    },
    "DT": {
      "mean": 0.862578,
      "sd": 0.167231,
      "n": 59
    }
  },
  "prodByGroup": {
    "TE": {
      "mean": 29.453987,
      "sd": 25.807667,
      "n": 174
    },
    "RB": {
      "mean": 48.581776,
      "sd": 58.424785,
      "n": 275
    },
    "WR": {
      "mean": 42.168926,
      "sd": 45.814678,
      "n": 387
    },
    "OL": {
      "mean": 0.736111,
      "sd": 0.203651,
      "n": 48
    },
    "QB": {
      "mean": 71.671869,
      "sd": 85.079651,
      "n": 137
    },
    "S": {
      "mean": 29.562092,
      "sd": 29.621124,
      "n": 153
    },
    "DB": {
      "mean": 3.998329,
      "sd": 2.658089,
      "n": 399
    },
    "DL": {
      "mean": 3.955297,
      "sd": 2.560749,
      "n": 397
    },
    "LB": {
      "mean": 35.171169,
      "sd": 37.649907,
      "n": 436
    },
    "CB": {
      "mean": 23.690678,
      "sd": 20.349029,
      "n": 118
    },
    "DE": {
      "mean": 31.169725,
      "sd": 29.233532,
      "n": 109
    },
    "DT": {
      "mean": 19.686012,
      "sd": 20.071604,
      "n": 56
    },
    "ATH": {
      "mean": 6.7164,
      "sd": 3.354431,
      "n": 5
    }
  },
  "recBySide": {
    "OFF": {
      "mean": 0.876482,
      "sd": 0.103359,
      "n": 2061
    },
    "ST": {
      "mean": 0.855376,
      "sd": 0.122633,
      "n": 338
    },
    "DEF": {
      "mean": 0.872926,
      "sd": 0.113087,
      "n": 1295
    }
  },
  "prodBySide": {
    "OFF": {
      "mean": 44.135503,
      "sd": 55.162753,
      "n": 1012
    },
    "ST": {
      "mean": 26.600952,
      "sd": 26.097046,
      "n": 276
    },
    "DEF": {
      "mean": 16.348177,
      "sd": 27.209178,
      "n": 1408
    }
  }
}
